Pattern Filename,Display Start Time,Display End Time
Pattern_A_FullBlack.png,1744421026.7198675,1744421031.7222888
Pattern_B_FullWhite.png,1744421031.7603855,1744421036.7611017
Pattern_C_VerticalSplit.png,1744421036.7928274,1744421041.7932837
Pattern_D_HorizontalSplit.png,1744421041.8237197,1744421046.8258245
Pattern_E_Checkerboard.png,1744421046.8605514,1744421051.8607612
Pattern_F_BlackCircleOnWhite.png,1744421051.893448,1744421056.8955548
Pattern_G_WhiteSquareOnBlack.png,1744421056.9237516,1744421061.9244063
